run_at,n_rows,n_races,n_folds,mean_ndcg1,std_ndcg1,mean_ndcg3,std_ndcg3,mean_hit_rate,std_hit_rate,mean_top3_rate,std_top3_rate,final_num_round
2026-09-20T15:07:55.967206+09:00,12618,2103,5,0.6926,0.0288,,,0.5711,0.0383,,,22
2026-09-20T23:39:59.310460+09:00,13104,2184,5,0.6906,0.0232,,,0.5709,0.0319,,,25
2026-09-21T23:42:29.297124+09:00,13812,2302,5,0.6921,0.0257,,,0.5721,0.0316,,,35
2026-09-22T13:49:11.335443+09:00,14214,2369,5,0.6959,0.0161,,,0.5758,0.0252,,,37
2026-09-22T23:44:26.466933+09:00,14760,2460,5,0.6905,0.0142,,,0.5691,0.0238,,,32
2026-09-23T10:35:52.008928+09:00,14808,2468,5,0.6922,0.0151,,,0.5737,0.0227,,,18
2026-09-23T10:54:53.891339+09:00,14820,2470,5,0.6914,0.0163,,,0.5717,0.0244,,,27
2026-09-23T12:11:17.684214+09:00,14976,2496,5,0.6956,0.0162,,,0.5769,0.0249,,,53
2026-09-23T12:28:04.747803+09:00,14976,2496,5,0.6956,0.0162,,,0.5769,0.0249,,,53
2026-09-23T13:01:10.429040+09:00,15030,2505,5,0.6938,0.0161,,,0.5749,0.0248,,,32
2026-09-23T13:53:15.073454+09:00,15150,2525,5,0.6901,0.0187,,,0.5711,0.0284,,,28
2026-09-23T14:37:03.706368+09:00,15198,2533,5,0.6896,0.016,,,0.5697,0.0238,,,19
2026-09-23T15:28:44.913749+09:00,15312,2552,5,0.6908,0.0184,,,0.5713,0.0255,,,47
2026-09-23T16:34:10.135232+09:00,15426,2571,5,0.6905,0.0152,,,0.5721,0.0211,,,31
2026-09-23T17:36:39.972643+09:00,15534,2589,5,0.6895,0.0155,,,0.5713,0.0209,,,28
2026-09-23T18:16:02.259343+09:00,15588,2598,5,0.6946,0.0139,,,0.5781,0.023,,,23
2026-09-23T20:07:44.864022+09:00,15612,2602,5,0.6923,0.0173,,,0.5742,0.026,,,17
2026-09-23T23:43:25.111821+09:00,15696,2616,5,0.6947,0.0177,,,0.5745,0.0278,,,21
2026-09-24T15:10:12.200590+09:00,16230,2705,5,0.6928,0.02,,,0.5741,0.0263,,,31
2026-09-24T20:27:08.407323+09:00,16596,2766,5,0.6971,0.0154,,,0.5766,0.0248,,,39
2026-09-24T21:42:53.565846+09:00,16632,2772,5,0.6933,0.0196,,,0.5747,0.0287,,,19
2026-09-24T23:44:14.561586+09:00,16632,2772,5,0.6933,0.0196,,,0.5747,0.0287,,,19
2026-09-25T18:15:00.245654+09:00,17388,2898,5,0.6895,0.0205,,,0.5725,0.0251,,,18
2026-09-25T23:43:33.072286+09:00,17496,2916,5,0.6936,0.016,,,0.5768,0.0213,,,51
2026-09-26T18:21:45.240638+09:00,18324,3054,5,0.694,0.0143,0.7623,0.0082,0.5753,0.0222,0.2272,0.0271,26
2026-09-26T23:41:08.313997+09:00,18432,3072,5,0.6926,0.0148,0.7619,0.0111,0.5745,0.0217,0.2249,0.0242,13
2026-09-27T23:41:17.280744+09:00,19374,3229,5,0.6972,0.0125,0.7625,0.0057,0.5788,0.0232,0.2255,0.0237,16
2026-09-28T17:34:21.673706+09:00,20064,3344,5,0.6976,0.0139,0.766,0.0084,0.5792,0.022,0.2303,0.0159,23
2026-09-28T23:46:56.266807+09:00,20232,3372,5,0.6972,0.0119,0.7663,0.0106,0.5783,0.0169,0.2346,0.0131,29
2026-09-29T23:46:02.313284+09:00,21102,3517,5,0.6985,0.0152,0.7659,0.0098,0.5803,0.0242,0.2238,0.0099,23
2026-09-30T23:48:32.929803+09:00,21966,3661,5,0.699,0.0116,0.7653,0.0074,0.5818,0.0192,0.224,0.0206,48
2026-10-01T23:47:00.103647+09:00,22974,3829,5,0.694,0.0137,0.7655,0.0099,0.5751,0.0218,0.2288,0.0157,34
2026-10-02T23:47:32.770291+09:00,23976,3996,5,0.6963,0.0096,0.7649,0.005,0.5773,0.0182,0.2307,0.0163,46
2026-10-03T21:16:51.705674+09:00,24918,4153,5,0.6938,0.0126,0.7648,0.0082,0.5748,0.0204,0.2309,0.014,45
2026-10-04T03:36:58.364674+09:00,24918,4153,5,0.6938,0.0134,0.7621,0.0065,0.5765,0.0222,0.2232,0.0141,27
